{
    "accuracy:": 0.999759961593855,
    "precission:": 1.0,
    "recall:": 0.9981132075471698
}
